[
{
  "model": "admin.logentry",
  "pk": 1,
  "fields": {
    "action_time": "2024-04-05T20:56:17.021Z",
    "user": 1,
    "content_type": 7,
    "object_id": "1",
    "object_repr": "Post object (1)",
    "action_flag": 1,
    "change_message": "[{\"added\": {}}]"
  }
},
{
  "model": "admin.logentry",
  "pk": 2,
  "fields": {
    "action_time": "2024-04-05T21:11:56.332Z",
    "user": 1,
    "content_type": 7,
    "object_id": "2",
    "object_repr": "Arsenal Football Club",
    "action_flag": 1,
    "change_message": "[{\"added\": {}}]"
  }
},
{
  "model": "admin.logentry",
  "pk": 3,
  "fields": {
    "action_time": "2024-04-05T21:43:21.716Z",
    "user": 1,
    "content_type": 7,
    "object_id": "1",
    "object_repr": "Jesus is King",
    "action_flag": 3,
    "change_message": ""
  }
},
{
  "model": "admin.logentry",
  "pk": 4,
  "fields": {
    "action_time": "2024-04-05T21:52:35.001Z",
    "user": 1,
    "content_type": 7,
    "object_id": "3",
    "object_repr": "Jesus is Lord",
    "action_flag": 1,
    "change_message": "[{\"added\": {}}]"
  }
},
{
  "model": "admin.logentry",
  "pk": 5,
  "fields": {
    "action_time": "2024-04-06T05:14:50.784Z",
    "user": 1,
    "content_type": 7,
    "object_id": "3",
    "object_repr": "Jesus is Lord",
    "action_flag": 2,
    "change_message": "[{\"changed\": {\"fields\": [\"Status\"]}}]"
  }
},
{
  "model": "admin.logentry",
  "pk": 6,
  "fields": {
    "action_time": "2024-04-06T13:55:27.349Z",
    "user": 1,
    "content_type": 7,
    "object_id": "3",
    "object_repr": "He is risen: The profound meaning of Easter",
    "action_flag": 2,
    "change_message": "[{\"changed\": {\"fields\": [\"Title\", \"Body\"]}}]"
  }
},
{
  "model": "admin.logentry",
  "pk": 7,
  "fields": {
    "action_time": "2024-04-06T20:45:16.945Z",
    "user": 1,
    "content_type": 7,
    "object_id": "5",
    "object_repr": "Arsenal's Triumph: A Victory of Grit and Resilience Against Brighton",
    "action_flag": 1,
    "change_message": "[{\"added\": {}}]"
  }
},
{
  "model": "admin.logentry",
  "pk": 8,
  "fields": {
    "action_time": "2024-04-06T20:46:45.372Z",
    "user": 1,
    "content_type": 7,
    "object_id": "6",
    "object_repr": "Confronting Racism: A Call to Action for a Better Tomorrow",
    "action_flag": 1,
    "change_message": "[{\"added\": {}}]"
  }
},
{
  "model": "admin.logentry",
  "pk": 9,
  "fields": {
    "action_time": "2024-04-06T20:48:40.520Z",
    "user": 1,
    "content_type": 7,
    "object_id": "7",
    "object_repr": "Bridging Divides: Navigating Politics in Nigeria",
    "action_flag": 1,
    "change_message": "[{\"added\": {}}]"
  }
},
{
  "model": "admin.logentry",
  "pk": 10,
  "fields": {
    "action_time": "2024-04-09T12:46:27.094Z",
    "user": 1,
    "content_type": 8,
    "object_id": "1",
    "object_repr": "Comment by Godday on Arsenal Football Club",
    "action_flag": 1,
    "change_message": "[{\"added\": {}}]"
  }
},
{
  "model": "admin.logentry",
  "pk": 11,
  "fields": {
    "action_time": "2024-04-09T12:48:26.388Z",
    "user": 1,
    "content_type": 8,
    "object_id": "1",
    "object_repr": "Comment by Godday on Arsenal Football Club",
    "action_flag": 2,
    "change_message": "[{\"changed\": {\"fields\": [\"Active\"]}}]"
  }
},
{
  "model": "admin.logentry",
  "pk": 12,
  "fields": {
    "action_time": "2024-04-09T12:49:45.626Z",
    "user": 1,
    "content_type": 8,
    "object_id": "1",
    "object_repr": "Comment by Godday on Arsenal Football Club",
    "action_flag": 2,
    "change_message": "[{\"changed\": {\"fields\": [\"Active\"]}}]"
  }
},
{
  "model": "admin.logentry",
  "pk": 13,
  "fields": {
    "action_time": "2024-04-09T12:50:18.508Z",
    "user": 1,
    "content_type": 8,
    "object_id": "2",
    "object_repr": "Comment by Godday on Arsenal Football Club",
    "action_flag": 1,
    "change_message": "[{\"added\": {}}]"
  }
},
{
  "model": "admin.logentry",
  "pk": 14,
  "fields": {
    "action_time": "2024-04-09T14:13:50.295Z",
    "user": 1,
    "content_type": 8,
    "object_id": "3",
    "object_repr": "Comment by Godday on He is risen: The profound meaning of Easter",
    "action_flag": 2,
    "change_message": "[{\"changed\": {\"fields\": [\"Active\"]}}]"
  }
},
{
  "model": "admin.logentry",
  "pk": 15,
  "fields": {
    "action_time": "2024-04-09T22:55:27.976Z",
    "user": 1,
    "content_type": 7,
    "object_id": "2",
    "object_repr": "Arsenal Football Club",
    "action_flag": 2,
    "change_message": "[{\"changed\": {\"fields\": [\"Tags\"]}}]"
  }
},
{
  "model": "admin.logentry",
  "pk": 16,
  "fields": {
    "action_time": "2024-04-09T22:56:09.329Z",
    "user": 1,
    "content_type": 7,
    "object_id": "5",
    "object_repr": "Arsenal's Triumph: A Victory of Grit and Resilience Against Brighton",
    "action_flag": 2,
    "change_message": "[{\"changed\": {\"fields\": [\"Tags\"]}}]"
  }
},
{
  "model": "admin.logentry",
  "pk": 17,
  "fields": {
    "action_time": "2024-04-09T23:02:35.587Z",
    "user": 1,
    "content_type": 7,
    "object_id": "6",
    "object_repr": "Confronting Racism: A Call to Action for a Better Tomorrow",
    "action_flag": 2,
    "change_message": "[{\"changed\": {\"fields\": [\"Tags\"]}}]"
  }
},
{
  "model": "admin.logentry",
  "pk": 18,
  "fields": {
    "action_time": "2024-04-09T23:04:46.814Z",
    "user": 1,
    "content_type": 7,
    "object_id": "8",
    "object_repr": "Celebrating Black Excellence: Embracing the Richness of Black Culture",
    "action_flag": 1,
    "change_message": "[{\"added\": {}}]"
  }
},
{
  "model": "admin.logentry",
  "pk": 19,
  "fields": {
    "action_time": "2024-04-09T23:09:49.080Z",
    "user": 1,
    "content_type": 7,
    "object_id": "4",
    "object_repr": "The Profound Sacrifice: Understanding What Jesus Did at the Cross",
    "action_flag": 2,
    "change_message": "[{\"changed\": {\"fields\": [\"Title\", \"Slug\", \"Body\", \"Status\", \"Tags\"]}}]"
  }
},
{
  "model": "admin.logentry",
  "pk": 20,
  "fields": {
    "action_time": "2024-04-09T23:11:27.561Z",
    "user": 1,
    "content_type": 7,
    "object_id": "7",
    "object_repr": "Bridging Divides: Navigating Politics in Nigeria",
    "action_flag": 2,
    "change_message": "[{\"changed\": {\"fields\": [\"Tags\"]}}]"
  }
},
{
  "model": "admin.logentry",
  "pk": 21,
  "fields": {
    "action_time": "2024-04-09T23:13:06.463Z",
    "user": 1,
    "content_type": 7,
    "object_id": "9",
    "object_repr": "Navigating the Landscape: Understanding Nigeria's Political Class",
    "action_flag": 1,
    "change_message": "[{\"added\": {}}]"
  }
},
{
  "model": "admin.logentry",
  "pk": 22,
  "fields": {
    "action_time": "2024-04-09T23:16:52.560Z",
    "user": 1,
    "content_type": 7,
    "object_id": "10",
    "object_repr": "Who is django reinhardt",
    "action_flag": 1,
    "change_message": "[{\"added\": {}}]"
  }
},
{
  "model": "admin.logentry",
  "pk": 23,
  "fields": {
    "action_time": "2024-04-09T23:19:22.681Z",
    "user": 1,
    "content_type": 7,
    "object_id": "11",
    "object_repr": "Who was Miles Davis",
    "action_flag": 1,
    "change_message": "[{\"added\": {}}]"
  }
},
{
  "model": "admin.logentry",
  "pk": 24,
  "fields": {
    "action_time": "2024-04-09T23:21:26.599Z",
    "user": 1,
    "content_type": 7,
    "object_id": "12",
    "object_repr": "Notes on Duke Ellington",
    "action_flag": 1,
    "change_message": "[{\"added\": {}}]"
  }
},
{
  "model": "admin.logentry",
  "pk": 25,
  "fields": {
    "action_time": "2024-04-09T23:25:11.296Z",
    "user": 1,
    "content_type": 7,
    "object_id": "3",
    "object_repr": "He is risen: The profound meaning of Easter",
    "action_flag": 2,
    "change_message": "[{\"changed\": {\"fields\": [\"Tags\"]}}]"
  }
},
{
  "model": "admin.logentry",
  "pk": 26,
  "fields": {
    "action_time": "2024-04-10T00:32:43.487Z",
    "user": 1,
    "content_type": 7,
    "object_id": "3",
    "object_repr": "He is risen: The profound meaning of Easter",
    "action_flag": 2,
    "change_message": "[{\"changed\": {\"fields\": [\"Body\"]}}]"
  }
},
{
  "model": "admin.logentry",
  "pk": 27,
  "fields": {
    "action_time": "2024-04-10T02:43:18.441Z",
    "user": 1,
    "content_type": 7,
    "object_id": "13",
    "object_repr": "Markdown post",
    "action_flag": 1,
    "change_message": "[{\"added\": {}}]"
  }
},
{
  "model": "admin.logentry",
  "pk": 28,
  "fields": {
    "action_time": "2024-04-10T02:44:01.488Z",
    "user": 1,
    "content_type": 7,
    "object_id": "13",
    "object_repr": "Markdown post",
    "action_flag": 2,
    "change_message": "[{\"changed\": {\"fields\": [\"Status\"]}}]"
  }
},
{
  "model": "admin.logentry",
  "pk": 29,
  "fields": {
    "action_time": "2024-04-10T02:47:26.099Z",
    "user": 1,
    "content_type": 7,
    "object_id": "13",
    "object_repr": "Markdown post",
    "action_flag": 2,
    "change_message": "[{\"changed\": {\"fields\": [\"Body\"]}}]"
  }
},
{
  "model": "admin.logentry",
  "pk": 30,
  "fields": {
    "action_time": "2024-04-10T03:52:33.036Z",
    "user": 1,
    "content_type": 11,
    "object_id": "1",
    "object_repr": "lo",
    "action_flag": 2,
    "change_message": "[{\"changed\": {\"fields\": [\"Domain name\"]}}]"
  }
},
{
  "model": "admin.logentry",
  "pk": 31,
  "fields": {
    "action_time": "2024-04-10T03:52:48.551Z",
    "user": 1,
    "content_type": 11,
    "object_id": "1",
    "object_repr": "localhost:8000",
    "action_flag": 2,
    "change_message": "[{\"changed\": {\"fields\": [\"Domain name\", \"Display name\"]}}]"
  }
},
{
  "model": "auth.permission",
  "pk": 1,
  "fields": {
    "name": "Can add log entry",
    "content_type": 1,
    "codename": "add_logentry"
  }
},
{
  "model": "auth.permission",
  "pk": 2,
  "fields": {
    "name": "Can change log entry",
    "content_type": 1,
    "codename": "change_logentry"
  }
},
{
  "model": "auth.permission",
  "pk": 3,
  "fields": {
    "name": "Can delete log entry",
    "content_type": 1,
    "codename": "delete_logentry"
  }
},
{
  "model": "auth.permission",
  "pk": 4,
  "fields": {
    "name": "Can view log entry",
    "content_type": 1,
    "codename": "view_logentry"
  }
},
{
  "model": "auth.permission",
  "pk": 5,
  "fields": {
    "name": "Can add permission",
    "content_type": 2,
    "codename": "add_permission"
  }
},
{
  "model": "auth.permission",
  "pk": 6,
  "fields": {
    "name": "Can change permission",
    "content_type": 2,
    "codename": "change_permission"
  }
},
{
  "model": "auth.permission",
  "pk": 7,
  "fields": {
    "name": "Can delete permission",
    "content_type": 2,
    "codename": "delete_permission"
  }
},
{
  "model": "auth.permission",
  "pk": 8,
  "fields": {
    "name": "Can view permission",
    "content_type": 2,
    "codename": "view_permission"
  }
},
{
  "model": "auth.permission",
  "pk": 9,
  "fields": {
    "name": "Can add group",
    "content_type": 3,
    "codename": "add_group"
  }
},
{
  "model": "auth.permission",
  "pk": 10,
  "fields": {
    "name": "Can change group",
    "content_type": 3,
    "codename": "change_group"
  }
},
{
  "model": "auth.permission",
  "pk": 11,
  "fields": {
    "name": "Can delete group",
    "content_type": 3,
    "codename": "delete_group"
  }
},
{
  "model": "auth.permission",
  "pk": 12,
  "fields": {
    "name": "Can view group",
    "content_type": 3,
    "codename": "view_group"
  }
},
{
  "model": "auth.permission",
  "pk": 13,
  "fields": {
    "name": "Can add user",
    "content_type": 4,
    "codename": "add_user"
  }
},
{
  "model": "auth.permission",
  "pk": 14,
  "fields": {
    "name": "Can change user",
    "content_type": 4,
    "codename": "change_user"
  }
},
{
  "model": "auth.permission",
  "pk": 15,
  "fields": {
    "name": "Can delete user",
    "content_type": 4,
    "codename": "delete_user"
  }
},
{
  "model": "auth.permission",
  "pk": 16,
  "fields": {
    "name": "Can view user",
    "content_type": 4,
    "codename": "view_user"
  }
},
{
  "model": "auth.permission",
  "pk": 17,
  "fields": {
    "name": "Can add content type",
    "content_type": 5,
    "codename": "add_contenttype"
  }
},
{
  "model": "auth.permission",
  "pk": 18,
  "fields": {
    "name": "Can change content type",
    "content_type": 5,
    "codename": "change_contenttype"
  }
},
{
  "model": "auth.permission",
  "pk": 19,
  "fields": {
    "name": "Can delete content type",
    "content_type": 5,
    "codename": "delete_contenttype"
  }
},
{
  "model": "auth.permission",
  "pk": 20,
  "fields": {
    "name": "Can view content type",
    "content_type": 5,
    "codename": "view_contenttype"
  }
},
{
  "model": "auth.permission",
  "pk": 21,
  "fields": {
    "name": "Can add session",
    "content_type": 6,
    "codename": "add_session"
  }
},
{
  "model": "auth.permission",
  "pk": 22,
  "fields": {
    "name": "Can change session",
    "content_type": 6,
    "codename": "change_session"
  }
},
{
  "model": "auth.permission",
  "pk": 23,
  "fields": {
    "name": "Can delete session",
    "content_type": 6,
    "codename": "delete_session"
  }
},
{
  "model": "auth.permission",
  "pk": 24,
  "fields": {
    "name": "Can view session",
    "content_type": 6,
    "codename": "view_session"
  }
},
{
  "model": "auth.permission",
  "pk": 25,
  "fields": {
    "name": "Can add post",
    "content_type": 7,
    "codename": "add_post"
  }
},
{
  "model": "auth.permission",
  "pk": 26,
  "fields": {
    "name": "Can change post",
    "content_type": 7,
    "codename": "change_post"
  }
},
{
  "model": "auth.permission",
  "pk": 27,
  "fields": {
    "name": "Can delete post",
    "content_type": 7,
    "codename": "delete_post"
  }
},
{
  "model": "auth.permission",
  "pk": 28,
  "fields": {
    "name": "Can view post",
    "content_type": 7,
    "codename": "view_post"
  }
},
{
  "model": "auth.permission",
  "pk": 29,
  "fields": {
    "name": "Can add comment",
    "content_type": 8,
    "codename": "add_comment"
  }
},
{
  "model": "auth.permission",
  "pk": 30,
  "fields": {
    "name": "Can change comment",
    "content_type": 8,
    "codename": "change_comment"
  }
},
{
  "model": "auth.permission",
  "pk": 31,
  "fields": {
    "name": "Can delete comment",
    "content_type": 8,
    "codename": "delete_comment"
  }
},
{
  "model": "auth.permission",
  "pk": 32,
  "fields": {
    "name": "Can view comment",
    "content_type": 8,
    "codename": "view_comment"
  }
},
{
  "model": "auth.permission",
  "pk": 33,
  "fields": {
    "name": "Can add tag",
    "content_type": 9,
    "codename": "add_tag"
  }
},
{
  "model": "auth.permission",
  "pk": 34,
  "fields": {
    "name": "Can change tag",
    "content_type": 9,
    "codename": "change_tag"
  }
},
{
  "model": "auth.permission",
  "pk": 35,
  "fields": {
    "name": "Can delete tag",
    "content_type": 9,
    "codename": "delete_tag"
  }
},
{
  "model": "auth.permission",
  "pk": 36,
  "fields": {
    "name": "Can view tag",
    "content_type": 9,
    "codename": "view_tag"
  }
},
{
  "model": "auth.permission",
  "pk": 37,
  "fields": {
    "name": "Can add tagged item",
    "content_type": 10,
    "codename": "add_taggeditem"
  }
},
{
  "model": "auth.permission",
  "pk": 38,
  "fields": {
    "name": "Can change tagged item",
    "content_type": 10,
    "codename": "change_taggeditem"
  }
},
{
  "model": "auth.permission",
  "pk": 39,
  "fields": {
    "name": "Can delete tagged item",
    "content_type": 10,
    "codename": "delete_taggeditem"
  }
},
{
  "model": "auth.permission",
  "pk": 40,
  "fields": {
    "name": "Can view tagged item",
    "content_type": 10,
    "codename": "view_taggeditem"
  }
},
{
  "model": "auth.permission",
  "pk": 41,
  "fields": {
    "name": "Can add site",
    "content_type": 11,
    "codename": "add_site"
  }
},
{
  "model": "auth.permission",
  "pk": 42,
  "fields": {
    "name": "Can change site",
    "content_type": 11,
    "codename": "change_site"
  }
},
{
  "model": "auth.permission",
  "pk": 43,
  "fields": {
    "name": "Can delete site",
    "content_type": 11,
    "codename": "delete_site"
  }
},
{
  "model": "auth.permission",
  "pk": 44,
  "fields": {
    "name": "Can view site",
    "content_type": 11,
    "codename": "view_site"
  }
},
{
  "model": "auth.user",
  "pk": 1,
  "fields": {
    "password": "pbkdf2_sha256$600000$9omOd32WX0ZrlvA19AIpbG$YRFl18xiR51KJ3KAClLYibxL5l3fhCA4rQzrGHPx71U=",
    "last_login": "2024-04-05T20:46:14.846Z",
    "is_superuser": true,
    "username": "godday",
    "first_name": "",
    "last_name": "",
    "email": "godday@gmail.com",
    "is_staff": true,
    "is_active": true,
    "date_joined": "2024-04-05T20:44:51.066Z",
    "groups": [],
    "user_permissions": []
  }
},
{
  "model": "contenttypes.contenttype",
  "pk": 1,
  "fields": {
    "app_label": "admin",
    "model": "logentry"
  }
},
{
  "model": "contenttypes.contenttype",
  "pk": 2,
  "fields": {
    "app_label": "auth",
    "model": "permission"
  }
},
{
  "model": "contenttypes.contenttype",
  "pk": 3,
  "fields": {
    "app_label": "auth",
    "model": "group"
  }
},
{
  "model": "contenttypes.contenttype",
  "pk": 4,
  "fields": {
    "app_label": "auth",
    "model": "user"
  }
},
{
  "model": "contenttypes.contenttype",
  "pk": 5,
  "fields": {
    "app_label": "contenttypes",
    "model": "contenttype"
  }
},
{
  "model": "contenttypes.contenttype",
  "pk": 6,
  "fields": {
    "app_label": "sessions",
    "model": "session"
  }
},
{
  "model": "contenttypes.contenttype",
  "pk": 7,
  "fields": {
    "app_label": "blog",
    "model": "post"
  }
},
{
  "model": "contenttypes.contenttype",
  "pk": 8,
  "fields": {
    "app_label": "blog",
    "model": "comment"
  }
},
{
  "model": "contenttypes.contenttype",
  "pk": 9,
  "fields": {
    "app_label": "taggit",
    "model": "tag"
  }
},
{
  "model": "contenttypes.contenttype",
  "pk": 10,
  "fields": {
    "app_label": "taggit",
    "model": "taggeditem"
  }
},
{
  "model": "contenttypes.contenttype",
  "pk": 11,
  "fields": {
    "app_label": "sites",
    "model": "site"
  }
},
{
  "model": "sessions.session",
  "pk": "ya339w2100hjo6a0zvjp94sgf3pgt8dn",
  "fields": {
    "session_data": ".eJxVjEEOgjAQRe_StWk67WCpS_ecgcx0BosaSCisjHdXEha6_e-9_zI9bWvpt6pLP4q5GDCn340pP3Tagdxpus02z9O6jGx3xR602m4WfV4P9--gUC3fuhE6A4Bgji1KapS1xSEk7zwTOFCHIfLAIUpCj63zqjGDAAUUomzeH9gqN-Y:1rsqRy:GDPrPb0RZQnERruEghohL_96jHwhn7h2eIXcdyWG4c0",
    "expire_date": "2024-04-19T20:46:14.932Z"
  }
},
{
  "model": "blog.post",
  "pk": 2,
  "fields": {
    "title": "Arsenal Football Club",
    "slug": "arsenal-football-club",
    "body": "Welcome to Arsenal Football Club",
    "publish": "2024-04-05T21:10:51Z",
    "created": "2024-04-05T21:11:56.330Z",
    "updated": "2024-04-09T22:55:27.757Z",
    "status": "PB",
    "author": 1
  }
},
{
  "model": "blog.post",
  "pk": 3,
  "fields": {
    "title": "He is risen: The profound meaning of Easter",
    "slug": "jesus-is-lord",
    "body": "Easter, also known as Resurrection Sunday, is a time\r\n of great significance for millions around the world. \r\nIt marks the culmination of the Christian Holy Week, \r\ncelebrating the resurrection of Jesus Christ from the dead,\r\n as described in the New Testament of the Bible. \r\nThe proclamation \"He is risen\" encapsulates the essence of\r\n Easter and holds profound meaning for believers worldwide.\r\n\r\nThe resurrection of Jesus Christ is the cornerstone of the Christian faith. \r\nIt represents victory over death, sin, and darkness. \r\nIt signifies hope, redemption, and the promise of new life. The events surrounding Easter are not merely historical narratives but spiritual truths that continue to resonate deeply with individuals across cultures and generations.\r\n\r\nThe phrase \"He is risen\" carries immense power because it symbolizes the triumph of light over darkness, good over evil, and life over death. It serves as a reminder that even in the face of despair and suffering, there is the promise of resurrection and renewal. It offers solace to those who are grieving, assurance to those who are struggling, and inspiration to those who are searching for meaning and purpose.\r\n\r\nFor Christians, the resurrection of Jesus Christ is not just a past event but a present reality that shapes their lives and worldview. It affirms their belief in the divinity of Christ and the power of God's love to transform hearts and lives. It challenges them to live with faith, courage, and compassion, knowing that the same power that raised Jesus from the dead is at work within them.\r\n\r\nMoreover, the message of Easter extends beyond religious boundaries and speaks to the universal human experience. It reminds us that life is full of cycles of death and rebirth, of endings and beginnings. It encourages us to embrace change, to let go of the past, and to embrace the possibilities of the future.\r\n\r\nIn a world plagued by uncertainty, suffering, and division, the message of Easter offers a glimmer of hope and a source of strength. It calls us to look beyond our present circumstances and to envision a world where love conquers hate, where justice prevails over injustice, and where peace reigns over conflict.\r\n\r\nAs we celebrate Easter and proclaim \"He is risen,\" let us reflect on the profound implications of this statement. Let us embrace the hope it offers, the challenges it presents, and the transformation it inspires. And may we live each day with the knowledge that the resurrection of Jesus Christ is not just a historical event but a living reality that continues to shape our lives and our world.",
    "publish": "2024-04-05T21:51:42Z",
    "created": "2024-04-05T21:52:34.999Z",
    "updated": "2024-04-10T00:32:43.435Z",
    "status": "PB",
    "author": 1
  }
},
{
  "model": "blog.post",
  "pk": 4,
  "fields": {
    "title": "The Profound Sacrifice: Understanding What Jesus Did at the Cross",
    "slug": "the-profound-sacrifice-understanding-what-jesus-did-at-the-cross",
    "body": "Introduction:\r\nAt the center of Christian faith stands the cross—a symbol of profound sacrifice and redemption. For believers, the crucifixion of Jesus Christ is not merely a historical event but a pivotal moment that holds deep theological significance. In this blog, we delve into what Jesus accomplished at the cross and explore the implications of his sacrifice for humanity.\r\n\r\nAtonement for Sin:\r\nCentral to Christian belief is the concept of atonement—that through his death on the cross, Jesus paid the penalty for humanity's sins. The apostle Paul succinctly captures this in Romans 5:8, stating, \"But God demonstrates his own love for us in this: While we were still sinners, Christ died for us.\" Jesus, as the sacrificial Lamb of God, bore the weight of human sinfulness, offering himself as the ultimate sacrifice to reconcile humanity with God.\r\n\r\nVictory over Death:\r\nThe cross represents not only the agony of crucifixion but also the triumph of resurrection. Through his death and subsequent resurrection, Jesus conquered sin and death, offering the gift of eternal life to all who believe in him. As the apostle Paul declares in 1 Corinthians 15:55-57, \"Where, O death, is your victory? Where, O death, is your sting? The sting of death is sin, and the power of sin is the law. But thanks be to God! He gives us the victory through our Lord Jesus Christ.\" Jesus' victory over death provides hope and assurance to believers, promising redemption and new life.\r\n\r\nReconciliation with God:\r\nThe cross serves as the ultimate expression of God's love and grace toward humanity. Through Jesus' sacrifice, a way was opened for reconciliation between God and humanity. As the apostle Peter writes in 1 Peter 3:18, \"For Christ also suffered once for sins, the righteous for the unrighteous, to bring you to God.\" Jesus' sacrificial death bridges the gap caused by sin, offering forgiveness and restoring communion with God for all who accept his gift of salvation.\r\n\r\nDemonstration of Love:\r\nPerhaps the most profound aspect of Jesus' actions at the cross is the demonstration of divine love. As Jesus himself declared in John 15:13, \"Greater love has no one than this: to lay down one’s life for one’s friends.\" Jesus willingly endured unimaginable suffering out of love for humanity, exemplifying selflessness, compassion, and mercy. His sacrifice serves as the ultimate expression of God's love for humanity, inviting all people into a relationship of grace and redemption.\r\n\r\nConclusion:\r\nThe significance of what Jesus did at the cross cannot be overstated. Through his sacrificial death, Jesus atoned for sin, conquered death, reconciled humanity with God, and demonstrated the incomprehensible depth of divine love. As believers reflect on the cross, may they be humbled by the magnitude of Jesus' sacrifice and inspired to live lives of gratitude, faith, and love.",
    "publish": "2024-04-05T22:31:27Z",
    "created": "2024-04-05T22:31:35.118Z",
    "updated": "2024-04-09T23:09:49.059Z",
    "status": "PB",
    "author": 1
  }
},
{
  "model": "blog.post",
  "pk": 5,
  "fields": {
    "title": "Arsenal's Triumph: A Victory of Grit and Resilience Against Brighton",
    "slug": "arsenals-triumph-a-victory-of-grit-and-resilience-against-brighton",
    "body": "In the world of football, there are few things as thrilling as witnessing a team rise from the depths of challenge to claim victory. Such was the scene as Arsenal faced off against Brighton, a match that encapsulated the essence of resilience, determination, and the unwavering spirit of the beautiful game.\r\n\r\nToday, the Emirates Stadium was awash with fervor and anticipation as fans gathered to witness their beloved Arsenal take on Brighton in what promised to be an intense battle on the pitch. Both teams entered the field with their sights set on victory, knowing that every pass, every tackle, and every goal would shape the outcome of the match.\r\n\r\nFrom the opening whistle, it was clear that Arsenal was determined to seize control of the game. Their passes were crisp, their movements calculated, as they sought to assert their dominance over their opponents. However, Brighton was not to be underestimated, showcasing their own prowess with swift counterattacks and solid defense.\r\n\r\nAs the match progressed, the tension mounted with each passing minute. Both teams fought tooth and nail for possession, each vying for that crucial breakthrough that would tip the scales in their favor. The crowd erupted into cheers and chants, urging their players onward in the pursuit of victory.\r\n\r\nIt was Arsenal who ultimately broke the deadlock, displaying a moment of sheer brilliance that sent the stadium into a frenzy. A well-executed play led to a precision strike, finding the back of the net with pinpoint accuracy. The roar of the crowd echoed throughout the stadium, a testament to the elation and relief felt by fans and players alike.\r\n\r\nBut the drama was far from over. Brighton refused to back down, launching wave after wave of attacks in a desperate bid to equalize. Arsenal's defense held firm, weathering the storm with unwavering resolve. Every clearance, every interception was met with thunderous applause, a testament to the team's resilience in the face of adversity.\r\n\r\nAs the final whistle blew, signaling the end of the match, Arsenal emerged victorious, their triumph a testament to their skill, determination, and unwavering spirit. The players embraced in celebration, their hard-fought victory a testament to the power of teamwork, perseverance, and the enduring magic of the beautiful game.\r\n\r\nIn the end, Arsenal's win against Brighton was more than just a football match; it was a reminder of the resilience of the human spirit, the power of perseverance, and the joy that comes from overcoming challenges against all odds. As the fans filed out of the stadium, their hearts filled with pride and excitement, they knew that they had witnessed something truly special—a victory that would be remembered for years to come.",
    "publish": "2024-04-06T20:44:14Z",
    "created": "2024-04-06T20:45:16.868Z",
    "updated": "2024-04-09T22:56:09.308Z",
    "status": "PB",
    "author": 1
  }
},
{
  "model": "blog.post",
  "pk": 6,
  "fields": {
    "title": "Confronting Racism: A Call to Action for a Better Tomorrow",
    "slug": "confronting-racism-a-call-to-action-for-a-better-tomorrow",
    "body": "Racism, a scourge that has plagued societies for centuries, continues to be a pressing issue in today's world. From overt acts of discrimination to subtle forms of prejudice, its insidious presence permeates every aspect of our lives, tarnishing the fabric of our communities and perpetuating injustice and inequality.\r\n\r\nDefined as the belief that one race is superior to another, racism manifests itself in various forms, including systemic discrimination, racial profiling, and hate speech. Its consequences are profound, resulting in unequal access to opportunities, disparities in education and healthcare, and the marginalization of entire communities.\r\n\r\nYet, despite the progress made in the fight against racism, recent events serve as stark reminders of the work that remains to be done. From racially motivated violence to discriminatory policies, the ugly specter of racism continues to rear its head, reminding us of the urgent need for change.\r\n\r\nBut change cannot happen in silence. It requires collective action, courage, and unwavering commitment. It requires us to confront our biases, challenge injustice, and stand in solidarity with those who are marginalized and oppressed.\r\n\r\nEducation plays a crucial role in combating racism, empowering individuals to recognize and address prejudice in all its forms. By promoting diversity and inclusion in schools and workplaces, we can create environments that celebrate our differences and foster understanding and empathy.\r\n\r\nLegislation and policies are also essential tools in the fight against racism, ensuring that all individuals are treated with dignity and respect under the law. By advocating for reforms that address systemic inequalities and promote equality of opportunity, we can create a more just and equitable society for all.\r\n\r\nFurthermore, fostering open and honest dialogue about race is essential in dismantling stereotypes and fostering empathy and understanding. By engaging in meaningful conversations with friends, family, and colleagues, we can challenge misconceptions, confront bias, and build bridges across divides.\r\n\r\nUltimately, the fight against racism requires a commitment from each and every one of us. It requires us to listen, learn, and take action in our communities and beyond. It requires us to stand up against injustice, even when it is uncomfortable or inconvenient.\r\n\r\nIn the words of Martin Luther King Jr., \"Injustice anywhere is a threat to justice everywhere.\" Let us heed his call to action and work together to confront racism in all its forms. Let us build a future where every individual is valued, respected, and treated with the dignity and equality they deserve. Together, we can create a world free from the shackles of racism, where justice, equality, and compassion reign supreme.",
    "publish": "2024-04-06T20:46:01Z",
    "created": "2024-04-06T20:46:45.371Z",
    "updated": "2024-04-09T23:02:35.565Z",
    "status": "PB",
    "author": 1
  }
},
{
  "model": "blog.post",
  "pk": 7,
  "fields": {
    "title": "Bridging Divides: Navigating Politics in Nigeria",
    "slug": "bridging-divides-navigating-politics-in-nigeria",
    "body": "In the vibrant tapestry of Nigerian society, politics often stands as both a unifying force and a source of division. With its rich diversity of cultures, languages, and traditions, Nigeria is a nation of contrasts and complexities, where political allegiances can run deep and differences can sometimes lead to discord. Yet, amidst these challenges, there lies an opportunity for dialogue, understanding, and the pursuit of common ground.\r\n\r\nPolitics in Nigeria is a multifaceted landscape, shaped by a myriad of factors including ethnicity, religion, socio-economic status, and regional identity. While diversity is a source of strength, it can also be a source of division, as political debates and allegiances often align along these fault lines, deepening existing rifts and fostering mistrust among communities.\r\n\r\nOne of the most significant ways in which politics divides us in Nigeria is through the manipulation of ethnic and religious sentiments for political gain. Politicians often exploit these fault lines to mobilize support, playing on people's fears and prejudices to garner votes. This not only exacerbates existing tensions but also undermines the principles of unity and inclusivity enshrined in Nigeria's constitution.\r\n\r\nMoreover, the winner-takes-all mentality that often characterizes Nigerian politics further exacerbates divisions, creating a zero-sum game where one group's victory is seen as another's loss. This winner-takes-all mindset fosters a sense of exclusion and marginalization among those who find themselves on the losing side, perpetuating a cycle of resentment and distrust that can be difficult to break.\r\n\r\nHowever, amidst these challenges, there is hope. Nigeria's vibrant civil society, robust media, and engaged citizenry serve as catalysts for change, challenging the status quo and advocating for greater accountability and transparency in governance. Grassroots movements and community-based initiatives are emerging across the country, bridging divides and fostering dialogue among diverse groups.\r\n\r\nEducation also plays a crucial role in bridging political divides in Nigeria. By promoting civic education and critical thinking skills, we can empower citizens to engage in informed political discourse, question the status quo, and hold their leaders accountable. Moreover, investing in quality education for all ensures that future generations are equipped with the tools they need to build a more inclusive and equitable society.\r\n\r\nFurthermore, fostering a culture of dialogue and reconciliation is essential in overcoming political divides in Nigeria. By creating spaces for constructive engagement and meaningful dialogue, we can bridge divides, build trust, and foster a sense of national unity that transcends political differences.\r\n\r\nIn conclusion, politics may divide us in Nigeria, but it also presents an opportunity for dialogue, understanding, and reconciliation. By challenging divisive rhetoric, promoting inclusivity, and fostering a culture of dialogue, we can build a more united and prosperous Nigeria for all. As citizens, let us embrace our shared humanity and work together to build a future where politics unites rather than divides us.",
    "publish": "2024-04-06T20:48:05Z",
    "created": "2024-04-06T20:48:40.518Z",
    "updated": "2024-04-09T23:11:27.535Z",
    "status": "PB",
    "author": 1
  }
},
{
  "model": "blog.post",
  "pk": 8,
  "fields": {
    "title": "Celebrating Black Excellence: Embracing the Richness of Black Culture",
    "slug": "celebrating-black-excellence-embracing-the-richness-of-black-culture",
    "body": "Introduction:\r\nWelcome to our platform where we celebrate the essence, resilience, and brilliance of Black people. In a world where narratives often overlook or misrepresent the experiences of Black individuals, it's crucial to carve out spaces where the richness of Black culture can be fully embraced and celebrated. Through this blog, we aim to highlight the diversity, creativity, and achievements within the Black community, while also addressing the challenges and systemic issues that persist.\r\n\r\nEmbracing Diversity:\r\nOne of the most beautiful aspects of Black culture is its diversity. From the vibrant traditions of the African diaspora to the unique experiences of Black communities around the world, there is an incredible tapestry of cultures, languages, and customs to explore and celebrate. Whether it's through music, art, cuisine, or fashion, Black people have made profound contributions to global culture, enriching society with their creativity and innovation.\r\n\r\nCelebrating Achievement:\r\nDespite facing numerous obstacles and systemic barriers, Black people have continually demonstrated their resilience and excellence in various fields. From trailblazing scientists and inventors to visionary artists and leaders, Black individuals have left an indelible mark on history. Through their achievements, they have shattered stereotypes and paved the way for future generations, inspiring countless others to dream big and strive for greatness.\r\n\r\nCommunity Strength:\r\nAt the heart of Black culture lies a deep sense of community and solidarity. In the face of adversity, Black people have come together to support one another, uplift their voices, and fight for justice and equality. Whether it's through grassroots activism, cultural movements, or simply lending a helping hand to those in need, the strength of the Black community is rooted in its unity and collective resilience.\r\n\r\nChallenges and Resilience:\r\nDespite the progress that has been made, Black people continue to face systemic racism, inequality, and injustice in various forms. From disparities in education and healthcare to disproportionate rates of poverty and incarceration, the legacy of centuries of oppression still looms large. However, Black resilience remains unwavering. Through resilience, creativity, and determination, Black individuals and communities continue to push for change, striving to create a more equitable and inclusive world for future generations.\r\n\r\nConclusion:\r\nIn celebrating Black excellence, we acknowledge the beauty, diversity, and resilience of Black culture. By amplifying Black voices, uplifting Black achievements, and confronting systemic injustices, we contribute to a more just and equitable society for all. Let us continue to honor and celebrate the richness of Black culture, recognizing that Black people being themselves is a powerful force for positive change in the world.",
    "publish": "2024-04-09T23:03:02Z",
    "created": "2024-04-09T23:04:46.742Z",
    "updated": "2024-04-09T23:04:46.742Z",
    "status": "PB",
    "author": 1
  }
},
{
  "model": "blog.post",
  "pk": 9,
  "fields": {
    "title": "Navigating the Landscape: Understanding Nigeria's Political Class",
    "slug": "navigating-the-landscape-understanding-nigerias-political-class",
    "body": "Nigeria, Africa's most populous nation, boasts a vibrant political landscape shaped by diverse interests, ideologies, and challenges. At the heart of this landscape are the country's politicians, who wield significant influence over the nation's direction and development. In this blog, we delve into the complexities of Nigeria's political class, examining its dynamics, strengths, weaknesses, and the impact on the nation and its people.\r\n\r\nDiverse Perspectives and Ideologies:\r\nNigeria's political class encompasses a broad spectrum of perspectives, ideologies, and affiliations, reflecting the country's diverse ethnic, religious, and socio-economic landscape. From conservative to progressive, nationalist to regionalist, politicians articulate a wide array of visions for the nation's future, often competing fiercely for power and influence. This diversity can be both a source of strength, enriching democratic discourse, and a challenge, as differing agendas sometimes hinder consensus-building and effective governance.\r\n\r\nQuest for Power and Influence:\r\nPolitics in Nigeria is characterized by a fervent quest for power and influence, with elections serving as battlegrounds for political parties and candidates vying for control. The stakes are high, as political power confers access to resources, patronage networks, and opportunities for wealth accumulation. Consequently, competition for political offices can be intense, sometimes leading to electoral malpractices, violence, and polarization. Despite these challenges, elections remain a cornerstone of Nigeria's democratic process, offering citizens the opportunity to exercise their franchise and hold leaders accountable.\r\n\r\nCorruption and Accountability:\r\nOne of the enduring challenges facing Nigeria's political class is the issue of corruption. Corruption permeates various levels of government and public institutions, undermining development efforts, eroding public trust, and exacerbating socio-economic inequalities. While efforts have been made to combat corruption through legislative reforms, anti-corruption agencies, and public awareness campaigns, progress has been uneven, and graft continues to pose a significant obstacle to Nigeria's progress. Holding politicians accountable for their actions and ensuring transparency in governance remain critical priorities for the nation's future.\r\n\r\nChallenges and Opportunities:\r\nNigeria's political class grapples with a myriad of challenges, including insecurity, economic instability, infrastructure deficits, and social unrest. Addressing these challenges requires visionary leadership, effective governance structures, and inclusive policies that prioritize the needs of all Nigerians. Despite the daunting nature of these challenges, there are also opportunities for positive change and transformation. By fostering dialogue, collaboration, and civic engagement, Nigeria's political class can work towards building a more prosperous, equitable, and resilient nation for future generations.\r\n\r\nConclusion:\r\nThe dynamics of Nigeria's political class are complex and multifaceted, reflecting the nation's rich diversity and enduring challenges. As Nigeria navigates its political landscape, it is essential for politicians to prioritize the common good, uphold democratic principles, and work towards addressing the pressing issues facing the nation. By fostering accountability, transparency, and inclusivity, Nigeria's political class can play a pivotal role in shaping a brighter future for the country and its people.",
    "publish": "2024-04-09T23:11:31Z",
    "created": "2024-04-09T23:13:06.445Z",
    "updated": "2024-04-09T23:13:06.445Z",
    "status": "PB",
    "author": 1
  }
},
{
  "model": "blog.post",
  "pk": 10,
  "fields": {
    "title": "Who is django reinhardt",
    "slug": "who-is-django-reinhardt",
    "body": "Django Reinhardt was a Belgian-born Romani-French jazz guitarist and composer, widely regarded as one of the most influential musicians in the history of jazz music. He was born on January 23, 1910, in Liberchies, Belgium, into a Romani (Gypsy) family.\r\n\r\nReinhardt's musical talent was evident from a young age, and he began playing the guitar as a child. Despite suffering severe burns to his left hand in a fire when he was 18, which left two of his fingers paralyzed, Reinhardt adapted his playing style to accommodate his disability. He developed a unique technique, using only two fingers to fret the guitar, which contributed to his distinctive sound.\r\n\r\nIn the 1930s, Reinhardt rose to prominence as a member of the Quintette du Hot Club de France, a jazz ensemble he co-founded with violinist Stéphane Grappelli. The group, featuring Reinhardt's virtuosic guitar playing alongside Grappelli's violin, became renowned for its innovative approach to jazz, blending traditional jazz with Romani influences and creating a style known as \"Gypsy jazz\" or \"Hot Club jazz.\"\r\n\r\nReinhardt's improvisational skills, dazzling technique, and emotive playing captivated audiences and fellow musicians alike. He recorded numerous influential compositions, including classics like \"Minor Swing,\" \"Djangology,\" and \"Nuages,\" which have since become jazz standards.\r\n\r\nDespite his relatively short career—he passed away at the age of 43 in 1953—Reinhardt's impact on jazz music has been enduring. His innovative guitar playing, characterized by lightning-fast runs, intricate chord voicings, and expressive phrasing, continues to inspire generations of musicians around the world. Django Reinhardt's legacy as a pioneering guitarist and influential figure in jazz music remains firmly entrenched in the annals of music history.",
    "publish": "2024-04-09T23:15:57Z",
    "created": "2024-04-09T23:16:52.549Z",
    "updated": "2024-04-09T23:16:52.549Z",
    "status": "PB",
    "author": 1
  }
},
{
  "model": "blog.post",
  "pk": 11,
  "fields": {
    "title": "Who was Miles Davis",
    "slug": "who-was-miles-davis",
    "body": "Miles Davis was an iconic American jazz musician, trumpeter, bandleader, and composer who played a pivotal role in shaping the course of jazz music in the 20th century. Born on May 26, 1926, in Alton, Illinois, Davis emerged as one of the most influential and innovative figures in the history of jazz.\r\n\r\nDavis began studying the trumpet at a young age and quickly gained recognition for his prodigious talent. He moved to New York City in the late 1940s to pursue his musical career and soon became an integral part of the city's vibrant jazz scene.\r\n\r\nThroughout his career, Davis continually pushed the boundaries of jazz, experimenting with different styles and genres. He played a central role in the development of several important movements in jazz, including bebop, cool jazz, hard bop, modal jazz, and jazz fusion.\r\n\r\nDavis's landmark recordings include albums such as \"Kind of Blue\" (1959), which is widely regarded as one of the greatest jazz albums of all time and remains a best-selling jazz album to this day. Other notable albums include \"Birth of the Cool\" (1957), \"Sketches of Spain\" (1960), \"Miles Ahead\" (1957), \"Bitches Brew\" (1970), and \"In a Silent Way\" (1969), among many others.\r\n\r\nIn addition to his exceptional trumpet playing, Davis was also a talented composer and bandleader. He assembled and led several influential jazz ensembles throughout his career, featuring some of the most renowned musicians of the time, including John Coltrane, Herbie Hancock, Wayne Shorter, and Tony Williams, among others.\r\n\r\nDavis's musical innovations, groundbreaking recordings, and restless creativity earned him widespread acclaim and numerous accolades, including multiple Grammy Awards and induction into the Rock and Roll Hall of Fame. He was also known for his distinctive personal style, including his fashion sense and the cool, enigmatic persona he cultivated both on and off the stage.\r\n\r\nMiles Davis's impact on jazz music and popular culture cannot be overstated. His pioneering spirit, willingness to take risks, and relentless pursuit of artistic excellence continue to inspire musicians and audiences around the world, cementing his legacy as one of the greatest figures in the history of jazz. Miles Davis passed away on September 28, 1991, but his music and influence endure, ensuring that his legacy will live on for generations to come.",
    "publish": "2024-04-09T23:18:35Z",
    "created": "2024-04-09T23:19:22.668Z",
    "updated": "2024-04-09T23:19:22.668Z",
    "status": "PB",
    "author": 1
  }
},
{
  "model": "blog.post",
  "pk": 12,
  "fields": {
    "title": "Notes on Duke Ellington",
    "slug": "notes-on-duke-ellington",
    "body": "Duke Ellington, born Edward Kennedy Ellington on April 29, 1899, in Washington, D.C., was a prolific American composer, pianist, and bandleader who became one of the most influential figures in the history of jazz music. Here are some key notes on Duke Ellington and his remarkable career:\r\n\r\n1. **Early Life and Musical Beginnings**:\r\n   - Duke Ellington grew up in a middle-class African American family in Washington, D.C. He began studying piano at a young age and showed early musical talent.\r\n   - In his teenage years, Ellington started playing professionally in local bands and clubs, developing his skills as a pianist and bandleader.\r\n\r\n2. **Rise to Prominence**:\r\n   - In the 1920s, Ellington moved to New York City, where he and his band, the Washingtonians, gained popularity performing at the Cotton Club, a renowned Harlem nightclub.\r\n   - Ellington's innovative compositions and arrangements, blending elements of jazz, blues, classical music, and African American folk traditions, distinguished him as a groundbreaking musical talent.\r\n\r\n3. **The Duke Ellington Orchestra**:\r\n   - Ellington's ensemble, later known as the Duke Ellington Orchestra, became one of the most celebrated jazz orchestras of its time. Comprising talented musicians and featuring distinctive soloists, the orchestra achieved widespread acclaim for its virtuosity and creativity.\r\n   - Ellington's role as a bandleader was central to the orchestra's success, as he composed, arranged, and conducted the group's performances, showcasing his visionary approach to jazz music.\r\n\r\n4. **Innovations in Jazz**:\r\n   - Ellington's compositions were characterized by their sophistication, elegance, and inventive use of orchestration. He wrote numerous jazz standards, including \"Take the 'A' Train,\" \"Mood Indigo,\" \"Sophisticated Lady,\" and \"It Don't Mean a Thing (If It Ain't Got That Swing).\"\r\n   - Ellington's mastery of form and structure allowed him to explore a wide range of musical styles within the jazz genre, from swing and big band to blues, ballads, and extended compositions.\r\n\r\n5. **Recognition and Legacy**:\r\n   - Duke Ellington received numerous honors and awards throughout his career, including multiple Grammy Awards, a Pulitzer Prize Special Citation, and the Presidential Medal of Freedom.\r\n   - His influence on jazz music and American culture was profound, as he helped elevate jazz from popular entertainment to an art form worthy of critical acclaim and respect.\r\n   - Duke Ellington's legacy endures through his vast body of recorded work, which continues to inspire musicians and audiences worldwide, cementing his reputation as one of the greatest composers and bandleaders in the history of jazz.",
    "publish": "2024-04-09T23:20:21Z",
    "created": "2024-04-09T23:21:26.589Z",
    "updated": "2024-04-09T23:21:26.589Z",
    "status": "PB",
    "author": 1
  }
},
{
  "model": "blog.post",
  "pk": 13,
  "fields": {
    "title": "Markdown post",
    "slug": "markdown-post",
    "body": "This is a post formatted with markdown\r\n------------------------------------------------------------\r\n\r\n*This is empahsized* and  **this is more emphasized**\r\n\r\nHere is a list:\r\n\r\n* One\r\n* Two\r\n* Three\r\n\r\nAnd a [link to the Django website](https://www.djangoproject.com/).",
    "publish": "2024-04-10T02:38:06Z",
    "created": "2024-04-10T02:43:18.226Z",
    "updated": "2024-04-10T02:47:26.094Z",
    "status": "PB",
    "author": 1
  }
},
{
  "model": "blog.comment",
  "pk": 1,
  "fields": {
    "post": 2,
    "name": "Godday",
    "email": "godday@gmail.com",
    "body": "Nice club",
    "created": "2024-04-09T12:46:27.092Z",
    "updated": "2024-04-09T12:49:45.624Z",
    "active": true
  }
},
{
  "model": "blog.comment",
  "pk": 2,
  "fields": {
    "post": 2,
    "name": "Godday",
    "email": "tim@gmail.com",
    "body": "We beat Bayern today",
    "created": "2024-04-09T12:50:18.507Z",
    "updated": "2024-04-09T12:50:18.507Z",
    "active": false
  }
},
{
  "model": "blog.comment",
  "pk": 3,
  "fields": {
    "post": 3,
    "name": "Godday",
    "email": "godday@gmail.com",
    "body": "Definitely",
    "created": "2024-04-09T14:10:54.390Z",
    "updated": "2024-04-09T14:13:50.293Z",
    "active": false
  }
},
{
  "model": "blog.comment",
  "pk": 4,
  "fields": {
    "post": 3,
    "name": "Godday",
    "email": "godday@gmail.com",
    "body": "wow",
    "created": "2024-04-09T14:11:19.625Z",
    "updated": "2024-04-09T14:11:19.625Z",
    "active": true
  }
},
{
  "model": "blog.comment",
  "pk": 5,
  "fields": {
    "post": 6,
    "name": "Marvelous",
    "email": "marv@gmail.com",
    "body": "Pathentic",
    "created": "2024-04-09T14:48:41.327Z",
    "updated": "2024-04-09T14:48:41.327Z",
    "active": true
  }
},
{
  "model": "blog.comment",
  "pk": 6,
  "fields": {
    "post": 2,
    "name": "Kev",
    "email": "goddayzamani@gmail.com",
    "body": "This club is beautiful",
    "created": "2024-04-10T01:28:27.324Z",
    "updated": "2024-04-10T01:28:27.324Z",
    "active": true
  }
},
{
  "model": "blog.comment",
  "pk": 7,
  "fields": {
    "post": 5,
    "name": "Chad",
    "email": "chad@gmail.com",
    "body": "From Baglash",
    "created": "2024-04-10T01:29:15.274Z",
    "updated": "2024-04-10T01:29:15.274Z",
    "active": true
  }
},
{
  "model": "blog.comment",
  "pk": 8,
  "fields": {
    "post": 5,
    "name": "Hardy",
    "email": "fabregaskevin0@gmail.com",
    "body": "My Favourite club",
    "created": "2024-04-10T01:29:52.865Z",
    "updated": "2024-04-10T01:29:52.866Z",
    "active": true
  }
},
{
  "model": "blog.comment",
  "pk": 9,
  "fields": {
    "post": 5,
    "name": "Hardy",
    "email": "fabregaskevin0@gmail.com",
    "body": "My Favourite club",
    "created": "2024-04-10T01:30:01.994Z",
    "updated": "2024-04-10T01:30:01.995Z",
    "active": true
  }
},
{
  "model": "blog.comment",
  "pk": 10,
  "fields": {
    "post": 5,
    "name": "di",
    "email": "di@gmail.com",
    "body": "choose life",
    "created": "2024-04-10T01:30:45.710Z",
    "updated": "2024-04-10T01:30:45.710Z",
    "active": true
  }
},
{
  "model": "blog.comment",
  "pk": 11,
  "fields": {
    "post": 5,
    "name": "di",
    "email": "di@gmail.com",
    "body": "choose life",
    "created": "2024-04-10T01:30:56.930Z",
    "updated": "2024-04-10T01:30:56.930Z",
    "active": true
  }
},
{
  "model": "blog.comment",
  "pk": 12,
  "fields": {
    "post": 7,
    "name": "Eric",
    "email": "g@gmail.com",
    "body": "Hate does not have enough energy to destroy love",
    "created": "2024-04-10T02:09:17.944Z",
    "updated": "2024-04-10T02:09:17.944Z",
    "active": true
  }
},
{
  "model": "taggit.tag",
  "pk": 1,
  "fields": {
    "name": "jazz",
    "slug": "jazz"
  }
},
{
  "model": "taggit.tag",
  "pk": 2,
  "fields": {
    "name": "music",
    "slug": "music"
  }
},
{
  "model": "taggit.tag",
  "pk": 3,
  "fields": {
    "name": "django",
    "slug": "django"
  }
},
{
  "model": "taggit.tag",
  "pk": 4,
  "fields": {
    "name": "sport",
    "slug": "sport"
  }
},
{
  "model": "taggit.tag",
  "pk": 5,
  "fields": {
    "name": "footbal",
    "slug": "footbal"
  }
},
{
  "model": "taggit.tag",
  "pk": 6,
  "fields": {
    "name": "gunners",
    "slug": "gunners"
  }
},
{
  "model": "taggit.tag",
  "pk": 7,
  "fields": {
    "name": "arsenal",
    "slug": "arsenal"
  }
},
{
  "model": "taggit.tag",
  "pk": 8,
  "fields": {
    "name": "football",
    "slug": "football"
  }
},
{
  "model": "taggit.tag",
  "pk": 9,
  "fields": {
    "name": "race",
    "slug": "race"
  }
},
{
  "model": "taggit.tag",
  "pk": 10,
  "fields": {
    "name": "africa",
    "slug": "africa"
  }
},
{
  "model": "taggit.tag",
  "pk": 11,
  "fields": {
    "name": "black",
    "slug": "black"
  }
},
{
  "model": "taggit.tag",
  "pk": 12,
  "fields": {
    "name": "blackness",
    "slug": "blackness"
  }
},
{
  "model": "taggit.tag",
  "pk": 13,
  "fields": {
    "name": "racism",
    "slug": "racism"
  }
},
{
  "model": "taggit.tag",
  "pk": 14,
  "fields": {
    "name": "church",
    "slug": "church"
  }
},
{
  "model": "taggit.tag",
  "pk": 15,
  "fields": {
    "name": "religion",
    "slug": "religion"
  }
},
{
  "model": "taggit.tag",
  "pk": 16,
  "fields": {
    "name": "christ",
    "slug": "christ"
  }
},
{
  "model": "taggit.tag",
  "pk": 17,
  "fields": {
    "name": "jesus",
    "slug": "jesus"
  }
},
{
  "model": "taggit.tag",
  "pk": 18,
  "fields": {
    "name": "9ja",
    "slug": "9ja"
  }
},
{
  "model": "taggit.tag",
  "pk": 19,
  "fields": {
    "name": "politicians",
    "slug": "politicians"
  }
},
{
  "model": "taggit.tag",
  "pk": 20,
  "fields": {
    "name": "naija",
    "slug": "naija"
  }
},
{
  "model": "taggit.tag",
  "pk": 21,
  "fields": {
    "name": "nigeria",
    "slug": "nigeria"
  }
},
{
  "model": "taggit.tag",
  "pk": 22,
  "fields": {
    "name": "politic",
    "slug": "politic"
  }
},
{
  "model": "taggit.tag",
  "pk": 23,
  "fields": {
    "name": "politics",
    "slug": "politics"
  }
},
{
  "model": "taggit.tag",
  "pk": 24,
  "fields": {
    "name": "fuji",
    "slug": "fuji"
  }
},
{
  "model": "taggit.tag",
  "pk": 25,
  "fields": {
    "name": "musick",
    "slug": "musick"
  }
},
{
  "model": "taggit.tag",
  "pk": 26,
  "fields": {
    "name": "markdown",
    "slug": "markdown"
  }
},
{
  "model": "taggit.taggeditem",
  "pk": 4,
  "fields": {
    "tag": 4,
    "content_type": 7,
    "object_id": 2
  }
},
{
  "model": "taggit.taggeditem",
  "pk": 5,
  "fields": {
    "tag": 5,
    "content_type": 7,
    "object_id": 2
  }
},
{
  "model": "taggit.taggeditem",
  "pk": 6,
  "fields": {
    "tag": 8,
    "content_type": 7,
    "object_id": 5
  }
},
{
  "model": "taggit.taggeditem",
  "pk": 7,
  "fields": {
    "tag": 4,
    "content_type": 7,
    "object_id": 5
  }
},
{
  "model": "taggit.taggeditem",
  "pk": 8,
  "fields": {
    "tag": 6,
    "content_type": 7,
    "object_id": 5
  }
},
{
  "model": "taggit.taggeditem",
  "pk": 9,
  "fields": {
    "tag": 7,
    "content_type": 7,
    "object_id": 5
  }
},
{
  "model": "taggit.taggeditem",
  "pk": 10,
  "fields": {
    "tag": 9,
    "content_type": 7,
    "object_id": 6
  }
},
{
  "model": "taggit.taggeditem",
  "pk": 11,
  "fields": {
    "tag": 10,
    "content_type": 7,
    "object_id": 6
  }
},
{
  "model": "taggit.taggeditem",
  "pk": 12,
  "fields": {
    "tag": 11,
    "content_type": 7,
    "object_id": 6
  }
},
{
  "model": "taggit.taggeditem",
  "pk": 13,
  "fields": {
    "tag": 12,
    "content_type": 7,
    "object_id": 6
  }
},
{
  "model": "taggit.taggeditem",
  "pk": 14,
  "fields": {
    "tag": 10,
    "content_type": 7,
    "object_id": 8
  }
},
{
  "model": "taggit.taggeditem",
  "pk": 15,
  "fields": {
    "tag": 11,
    "content_type": 7,
    "object_id": 8
  }
},
{
  "model": "taggit.taggeditem",
  "pk": 16,
  "fields": {
    "tag": 13,
    "content_type": 7,
    "object_id": 8
  }
},
{
  "model": "taggit.taggeditem",
  "pk": 17,
  "fields": {
    "tag": 16,
    "content_type": 7,
    "object_id": 4
  }
},
{
  "model": "taggit.taggeditem",
  "pk": 18,
  "fields": {
    "tag": 17,
    "content_type": 7,
    "object_id": 4
  }
},
{
  "model": "taggit.taggeditem",
  "pk": 19,
  "fields": {
    "tag": 14,
    "content_type": 7,
    "object_id": 4
  }
},
{
  "model": "taggit.taggeditem",
  "pk": 20,
  "fields": {
    "tag": 15,
    "content_type": 7,
    "object_id": 4
  }
},
{
  "model": "taggit.taggeditem",
  "pk": 21,
  "fields": {
    "tag": 18,
    "content_type": 7,
    "object_id": 7
  }
},
{
  "model": "taggit.taggeditem",
  "pk": 22,
  "fields": {
    "tag": 19,
    "content_type": 7,
    "object_id": 7
  }
},
{
  "model": "taggit.taggeditem",
  "pk": 23,
  "fields": {
    "tag": 20,
    "content_type": 7,
    "object_id": 7
  }
},
{
  "model": "taggit.taggeditem",
  "pk": 24,
  "fields": {
    "tag": 21,
    "content_type": 7,
    "object_id": 7
  }
},
{
  "model": "taggit.taggeditem",
  "pk": 25,
  "fields": {
    "tag": 22,
    "content_type": 7,
    "object_id": 7
  }
},
{
  "model": "taggit.taggeditem",
  "pk": 26,
  "fields": {
    "tag": 18,
    "content_type": 7,
    "object_id": 9
  }
},
{
  "model": "taggit.taggeditem",
  "pk": 27,
  "fields": {
    "tag": 19,
    "content_type": 7,
    "object_id": 9
  }
},
{
  "model": "taggit.taggeditem",
  "pk": 28,
  "fields": {
    "tag": 20,
    "content_type": 7,
    "object_id": 9
  }
},
{
  "model": "taggit.taggeditem",
  "pk": 29,
  "fields": {
    "tag": 21,
    "content_type": 7,
    "object_id": 9
  }
},
{
  "model": "taggit.taggeditem",
  "pk": 30,
  "fields": {
    "tag": 23,
    "content_type": 7,
    "object_id": 9
  }
},
{
  "model": "taggit.taggeditem",
  "pk": 31,
  "fields": {
    "tag": 1,
    "content_type": 7,
    "object_id": 10
  }
},
{
  "model": "taggit.taggeditem",
  "pk": 32,
  "fields": {
    "tag": 2,
    "content_type": 7,
    "object_id": 10
  }
},
{
  "model": "taggit.taggeditem",
  "pk": 33,
  "fields": {
    "tag": 24,
    "content_type": 7,
    "object_id": 11
  }
},
{
  "model": "taggit.taggeditem",
  "pk": 34,
  "fields": {
    "tag": 1,
    "content_type": 7,
    "object_id": 11
  }
},
{
  "model": "taggit.taggeditem",
  "pk": 35,
  "fields": {
    "tag": 2,
    "content_type": 7,
    "object_id": 11
  }
},
{
  "model": "taggit.taggeditem",
  "pk": 36,
  "fields": {
    "tag": 25,
    "content_type": 7,
    "object_id": 12
  }
},
{
  "model": "taggit.taggeditem",
  "pk": 37,
  "fields": {
    "tag": 2,
    "content_type": 7,
    "object_id": 12
  }
},
{
  "model": "taggit.taggeditem",
  "pk": 38,
  "fields": {
    "tag": 17,
    "content_type": 7,
    "object_id": 3
  }
},
{
  "model": "taggit.taggeditem",
  "pk": 39,
  "fields": {
    "tag": 14,
    "content_type": 7,
    "object_id": 3
  }
},
{
  "model": "taggit.taggeditem",
  "pk": 40,
  "fields": {
    "tag": 15,
    "content_type": 7,
    "object_id": 3
  }
},
{
  "model": "taggit.taggeditem",
  "pk": 41,
  "fields": {
    "tag": 26,
    "content_type": 7,
    "object_id": 13
  }
},
{
  "model": "sites.site",
  "pk": 1,
  "fields": {
    "domain": "localhost:8000",
    "name": "localhost:8000"
  }
}
]
